[
    {
    "Id": 1,
    "Apellido": "Gómez",
    "Correo electronico": "maria.gomez@correo.com",
    "Cumpleaños": "1990-05-12",
    "Direccion": "Calle Falsa 123, Ciudad",
    "Grupo": "Direcciones personales",
    "Nombre": "María",
    "Sexo": "Femenino",
    "Telefono": "+34 123 456 789"
    },
    {
    "Id": 2,
    "Apellido": "Pérez",
    "Correo electronico": "juan.perez@correo.com",
    "Cumpleaños": "1985-08-23",
    "Direccion": "Avenida Real 456, Ciudad",
    "Grupo": "Remitentes de confianza",
    "Nombre": "Juan",
    "Sexo": "Masculino",
    "Telefono": "+34 987 654 321"
    },
    {
    "Id": 3,
    "Apellido": "López",
    "Correo electronico": "ana.lopez@correo.com",
    "Cumpleaños": "1992-11-15",
    "Direccion": "Plaza Mayor 789, Ciudad",
    "Grupo": "Destinatarios recogidos",
    "Nombre": "Ana",
    "Sexo": "Femenino",
    "Telefono": "+34 555 123 456"
    }
]
  
  