[
    {
    "Id": 1,
    "Asunto": "Reunión de equipo",
    "Categoria": "Trabajo",
    "Cuerpo": "Recordatorio de la reunión semanal del equipo para revisar el progreso del proyecto.",
    "De": "gerencia@empresa.com",
    "Destinatario": "empleado@empresa.com",
    "Fecha": "2024-10-25T10:30:00Z",
    "Leído": true,
    "Remitente": "Gerencia",
    "Responder a": "asistente@empresa.com"
    },
    {
    "Id": 2,
    "Asunto": "Actualización de la política de privacidad",
    "Categoria": "Notificaciones",
    "Cuerpo": "Estimado usuario, hemos actualizado nuestra política de privacidad. Visita nuestro sitio web para más detalles.",
    "De": "info@empresa.com",
    "Destinatario": "usuario@empresa.com",
    "Fecha": "2024-10-24T15:00:00Z",
    "Leído": false,
    "Remitente": "Info Empresa",
    "Responder a": "contacto@empresa.com"
    },
    {
    "Id": 3,
    "Asunto": "Promoción especial",
    "Categoria": "Ofertas",
    "Cuerpo": "¡No te pierdas nuestra oferta especial de este mes! Visita nuestra tienda en línea para aprovechar los descuentos.",
    "De": "promociones@tienda.com",
    "Destinatario": "cliente@correo.com",
    "Fecha": "2024-10-23T08:45:00Z",
    "Leído": false,
    "Remitente": "Tienda Online",
    "Responder a": "soporte@tienda.com"
    }
]

  