{"elements":[{"attributes":{"name":"Inicio de Sesión","default":false,"landmark":false,"xor":false},"metadata":{"graphics":{"position":{"x":120,"y":120},"size":{"height":240,"width":250}}},"id":"b2f84d9b-de5e-4dae-af16-f553ec2889bd","type":"ifml.ViewContainer"},{"attributes":{"name":"Identificacion de usuario","stereotype":"form","fields":["Contraseña","Identificacion"]},"metadata":{"graphics":{"position":{"x":170,"y":190},"size":{"height":60,"width":150}}},"id":"bab1044c-7963-458c-b5b0-152f1ec65cc1","type":"ifml.ViewComponent"},{"attributes":{"name":"Entrar"},"metadata":{"graphics":{"position":{"x":230,"y":240},"name":{"horizontal":"left-outer","vertical":"bottom"}}},"id":"1f010bc9-03dc-4c08-b1b7-726902c97bab","type":"ifml.Event"},{"attributes":{"name":"Certificado Digital"},"metadata":{"graphics":{"position":{"x":360,"y":290},"name":{"horizontal":"left-outer","vertical":"top"}}},"id":"2dae73e0-38d6-40fe-a382-50c566e50e6d","type":"ifml.Event"},{"attributes":{"name":"Inbox","default":true,"landmark":true,"xor":false},"metadata":{"graphics":{"position":{"x":770,"y":50},"size":{"height":680,"width":1490}}},"id":"08d3d708-3c36-4b5f-8205-106d3b1638b2","type":"ifml.ViewContainer"},{"attributes":{"name":"Carpetas","default":false,"landmark":false,"xor":false},"metadata":{"graphics":{"position":{"x":800,"y":150},"size":{"height":390,"width":200}}},"id":"9ccccea5-555e-49ad-a61e-0392c2d0fbfe","type":"ifml.ViewContainer"},{"attributes":{"name":"Correo","default":false,"landmark":false,"xor":false},"metadata":{"graphics":{"position":{"x":1890,"y":140},"size":{"height":380,"width":230}}},"id":"3a048f1e-43fe-4a98-8cad-f4d4dfee9e52","type":"ifml.ViewContainer"},{"attributes":{"name":"Contenido del correo","stereotype":"details","fields":["Asunto","Cuerpo","De","Destinatario","Fecha","Remitente","Responder a"],"collection":"Correos"},"metadata":{"graphics":{"position":{"x":1920,"y":300},"size":{"height":60,"width":150}}},"id":"092d7573-26c4-4225-b9e3-a9417ee562ce","type":"ifml.ViewComponent"},{"attributes":{"name":"Buzón","default":false,"landmark":false,"xor":false},"metadata":{"graphics":{"position":{"x":1370,"y":140},"size":{"height":380,"width":240}}},"id":"7fb63539-6b66-452e-9b60-8b30748f4265","type":"ifml.ViewContainer"},{"attributes":{"name":"Lista de correos","stereotype":"list","fields":["Asunto","Categoria","Cuerpo","De","Destinatario","Fecha","Leído","Remitente","Responder a"],"collection":"Correos","filters":["Asunto","Categoria","De","Remitente"]},"metadata":{"graphics":{"position":{"x":1410,"y":280},"size":{"height":60,"width":150}}},"id":"4f4fe607-4979-45d9-9596-08e3d18865e9","type":"ifml.ViewComponent"},{"attributes":{"name":"Comprobar si hay mensajes nuevos"},"metadata":{"graphics":{"position":{"x":1360,"y":190},"name":{"horizontal":"right-outer","vertical":"top"}}},"id":"b5eedc14-6ac4-4cdc-bd9c-6c805de5e0a5","type":"ifml.Event"},{"attributes":{"name":"selected","stereotype":"selection"},"metadata":{"graphics":{"position":{"x":1550,"y":330},"name":{"horizontal":"right","vertical":"bottom"}}},"id":"76f04e65-70d6-4d7c-9223-b5a764827d36","type":"ifml.Event"},{"attributes":{"name":"Comprobación realizada","parameters":[],"results":[]},"metadata":{"graphics":{"position":{"x":1220,"y":180},"size":{"height":50,"width":75},"parent":"08d3d708-3c36-4b5f-8205-106d3b1638b2"}},"id":"4706de4a-0e73-40d8-bb10-c469e6525f46","type":"ifml.Action"},{"attributes":{"name":"Crear un mensaje nuevo"},"metadata":{"graphics":{"position":{"x":1580,"y":130},"name":{"horizontal":"left-outer","vertical":"top"}}},"id":"35e7818d-85ed-4ce2-b508-df6c7d0177c8","type":"ifml.Event"},{"attributes":{"name":"Crear mensaje","default":false,"landmark":false,"xor":false},"metadata":{"graphics":{"position":{"x":1500,"y":-620},"size":{"height":470,"width":560}}},"id":"ed2a90bd-24b5-4c3d-934c-1e2532feda99","type":"ifml.ViewContainer"},{"attributes":{"name":"Contactos","default":false,"landmark":false,"xor":false},"metadata":{"graphics":{"position":{"x":1520,"y":-560},"size":{"height":340,"width":200}}},"id":"74e69002-1126-42b5-a4d6-270abdf6d466","type":"ifml.ViewContainer"},{"attributes":{"name":"Redactar mensaje","stereotype":"form","fields":["Adjuntos","Asunto","Cuerpo","De","Destinatario"]},"metadata":{"graphics":{"position":{"x":1790,"y":-440},"size":{"height":60,"width":150}}},"id":"fa641816-8ab9-417f-a789-3c4091ecf8a9","type":"ifml.ViewComponent"},{"attributes":{"name":"Enviar el mensaje"},"metadata":{"graphics":{"position":{"x":1800,"y":-390},"name":{"horizontal":"left-outer","vertical":"top"}}},"id":"17bab5f4-d0f4-42bc-829d-8db16b3543ad","type":"ifml.Event"},{"attributes":{"name":"Mensaje enviado correctamente","parameters":[],"results":[]},"metadata":{"graphics":{"position":{"x":1780,"y":-120},"size":{"height":50,"width":75}}},"id":"3fc65b54-a76e-447a-a123-a29a9472b37a","type":"ifml.Action"},{"attributes":{"name":""},"metadata":{"graphics":{"position":{"x":1810,"y":-80},"name":{"horizontal":"left-outer","vertical":"top"}}},"id":"989fe21a-8047-432e-b4a7-60b8e8d53611","type":"ifml.Event"},{"attributes":{"name":"Cancelar"},"metadata":{"graphics":{"position":{"x":1910,"y":-390},"name":{"horizontal":"right-outer","vertical":"bottom"}}},"id":"bb8ab688-ae2b-4f35-ab2d-c459fdaf981b","type":"ifml.Event"},{"attributes":{"name":"Buscar","stereotype":"form","fields":["Buscar..."]},"metadata":{"graphics":{"position":{"x":1420,"y":600},"size":{"height":60,"width":150}}},"id":"cbd1dd36-876b-4d4f-8e5b-72cd2401ab69","type":"ifml.ViewComponent"},{"attributes":{"name":"Buscar"},"metadata":{"graphics":{"position":{"x":1480,"y":590},"name":{"horizontal":"left-outer","vertical":"top"}}},"id":"8cfc2eef-3b52-45f4-a2ba-777b7a613de1","type":"ifml.Event"},{"attributes":{"name":"Volver a la lista de mensajes"},"metadata":{"graphics":{"position":{"x":1510,"y":-160},"name":{"horizontal":"left-outer","vertical":"top"}}},"id":"5e09a372-e288-46fc-a253-336e76e9c79e","type":"ifml.Event"},{"attributes":{"name":"Adjuntar un archivo"},"metadata":{"graphics":{"position":{"x":1490,"y":-230},"name":{"horizontal":"left-outer","vertical":"top"}}},"id":"555754ea-7a6d-4202-b935-ec6fc835c2a2","type":"ifml.Event"},{"attributes":{"name":"Archivo/s adjuntado/s","parameters":[],"results":[]},"metadata":{"graphics":{"position":{"x":1200,"y":-250},"size":{"height":50,"width":75}}},"id":"bd4becd8-b9ba-490e-9419-0d49fc398ed3","type":"ifml.Action"},{"attributes":{"name":"Insertar firma"},"metadata":{"graphics":{"position":{"x":1490,"y":-310},"name":{"horizontal":"left-outer","vertical":"top"}}},"id":"f44af646-1eef-43b9-86cf-c9a9ca277157","type":"ifml.Event"},{"attributes":{"name":"Firma insertada","parameters":[],"results":[]},"metadata":{"graphics":{"position":{"x":1200,"y":-320},"size":{"height":50,"width":75}}},"id":"81ef30a3-afde-4538-ab24-3272c2839f30","type":"ifml.Action"},{"attributes":{"name":"Guardar como borrador"},"metadata":{"graphics":{"position":{"x":1490,"y":-370},"name":{"horizontal":"left-outer","vertical":"top"}}},"id":"9ba8b7b9-d151-49b2-b0cd-8a270576b3ca","type":"ifml.Event"},{"attributes":{"name":"Mensaje guardado en borradores","parameters":[],"results":[]},"metadata":{"graphics":{"position":{"x":1200,"y":-390},"size":{"height":50,"width":75}}},"id":"427e67d6-223c-4761-9155-4b576f500afc","type":"ifml.Action"},{"attributes":{"name":"Ortografía revisada","parameters":[],"results":[]},"metadata":{"graphics":{"position":{"x":1200,"y":-460},"size":{"height":50,"width":75}}},"id":"2793bcfb-c6d5-4a28-b859-eb135fa31afd","type":"ifml.Action"},{"attributes":{"name":"Revisar ortografía"},"metadata":{"graphics":{"position":{"x":1490,"y":-440},"name":{"horizontal":"left-outer","vertical":"top"}}},"id":"3293ac98-28fc-4295-af2c-081ef0daaa96","type":"ifml.Event"},{"attributes":{"name":"Insertar una respuesta"},"metadata":{"graphics":{"position":{"x":1490,"y":-510},"name":{"horizontal":"left-outer","vertical":"top"}}},"id":"c4cdbfc6-a33c-4f7d-ab52-3cfb23c95e5a","type":"ifml.Event"},{"attributes":{"name":"Respuesta insertada","parameters":[],"results":[]},"metadata":{"graphics":{"position":{"x":1200,"y":-530},"size":{"height":50,"width":75}}},"id":"f6acf62b-13fc-46c9-9f1c-3e256ead1bf8","type":"ifml.Action"},{"attributes":{"name":"Libreta de direcciones"},"metadata":{"graphics":{"position":{"x":1650,"y":-160},"name":{"horizontal":"right-outer","vertical":"bottom"}}},"id":"91d916cd-b138-4fd6-be6a-e816e16da95f","type":"ifml.Event"},{"attributes":{"name":"Opciones de mensaje"},"metadata":{"graphics":{"position":{"x":1490,"y":-580},"name":{"horizontal":"left-outer","vertical":"top"}}},"id":"fb144f56-9071-4ba2-adff-f3684238bc28","type":"ifml.Event"},{"attributes":{"name":"Certificado Digital valido","parameters":[],"results":[]},"metadata":{"graphics":{"position":{"x":470,"y":380},"size":{"height":50,"width":75}}},"id":"9fbef6ce-0402-470a-ae15-8d0bd1638d84","type":"ifml.Action"},{"attributes":{"name":""},"metadata":{"graphics":{"position":{"x":535,"y":390},"name":{"horizontal":"left-outer","vertical":"top"}}},"id":"8f5e1d8c-b0e3-4e81-a332-6ef0a47d51a1","type":"ifml.Event"},{"attributes":{"name":"Contactos","default":false,"landmark":true,"xor":false},"metadata":{"graphics":{"position":{"x":2920,"y":70},"size":{"height":1080,"width":1820}}},"id":"53ca3fb2-96f0-4c19-8ce0-d5bc6719a741","type":"ifml.ViewContainer"},{"attributes":{"name":"Grupos","default":false,"landmark":false,"xor":false},"metadata":{"graphics":{"position":{"x":2970,"y":140},"size":{"height":940,"width":200}}},"id":"6c6aeac3-2e5e-4e14-aaf1-52650e307432","type":"ifml.ViewContainer"},{"attributes":{"name":"Contactos","default":false,"landmark":false,"xor":false},"metadata":{"graphics":{"position":{"x":3220,"y":140},"size":{"height":940,"width":230}}},"id":"263e34a3-2dc1-4f02-8355-0dd6d1eb0efd","type":"ifml.ViewContainer"},{"attributes":{"name":"Añadir contacto"},"metadata":{"graphics":{"position":{"x":3710,"y":60},"name":{"horizontal":"left-outer","vertical":"top"}}},"id":"81163a96-143d-4cc3-a9da-cd9bb66ca024","type":"ifml.Event"},{"attributes":{"name":"Añadir contacto","default":false,"landmark":false,"xor":true},"metadata":{"graphics":{"position":{"x":3650,"y":150},"size":{"height":390,"width":980}}},"id":"cc0fe4ca-e91f-4fcd-a9e2-9751d1bd5d38","type":"ifml.ViewContainer"},{"attributes":{"name":"Propiedades","default":false,"landmark":false},"metadata":{"graphics":{"position":{"x":3670,"y":320},"size":{"height":160,"width":200}}},"id":"5bddabaf-5652-46bb-a614-b03e5eaa62fc","type":"ifml.ViewContainer"},{"attributes":{"name":"Propiedades","stereotype":"form","fields":["Correo electronico","Direccion","Telefono"]},"metadata":{"graphics":{"position":{"x":3690,"y":380},"size":{"height":60,"width":150}}},"id":"e63e1396-9e81-4601-9257-c3bcf0a16f13","type":"ifml.ViewComponent"},{"attributes":{"name":"Añadir contacto","stereotype":"form","fields":["Apellido","Nombre"]},"metadata":{"graphics":{"position":{"x":4030,"y":190},"size":{"height":60,"width":150}}},"id":"a3b6a775-e9ef-42cc-b547-27eb07733393","type":"ifml.ViewComponent"},{"attributes":{"name":"Informacion personal","default":false,"landmark":false},"metadata":{"graphics":{"position":{"x":4000,"y":320},"size":{"height":160,"width":200}}},"id":"96710d93-0b88-4100-a2d3-3f883f63a721","type":"ifml.ViewContainer"},{"attributes":{"name":"Informacion personal","stereotype":"form","fields":["Cumpleaños","Sexo"]},"metadata":{"graphics":{"position":{"x":4030,"y":380},"size":{"height":60,"width":150}}},"id":"07ae55e1-6cd3-4ea2-9e41-09c097356300","type":"ifml.ViewComponent"},{"attributes":{"name":"Informacion personal"},"metadata":{"graphics":{"position":{"x":4100,"y":240},"name":{"horizontal":"middle","vertical":"bottom"}}},"id":"9a91923f-32ca-4fd6-92c9-46725d9cdcc6","type":"ifml.Event"},{"attributes":{"name":"Notas","default":false,"landmark":false},"metadata":{"graphics":{"position":{"x":4300,"y":320},"size":{"height":160,"width":200}}},"id":"4023454d-b765-4888-ab4b-ca55b14ee89e","type":"ifml.ViewContainer"},{"attributes":{"name":"Notas","stereotype":"form","fields":["Contenido"]},"metadata":{"graphics":{"position":{"x":4330,"y":380},"size":{"height":60,"width":150}}},"id":"ca11bbcd-cbe1-41ea-ad28-eebd814bf741","type":"ifml.ViewComponent"},{"attributes":{"name":"Notas"},"metadata":{"graphics":{"position":{"x":4170,"y":210},"name":{"horizontal":"right-outer","vertical":"top"}}},"id":"30506e40-42e9-4eb4-8f57-ae01b82a3c57","type":"ifml.Event"},{"attributes":{"name":"Propiedades"},"metadata":{"graphics":{"position":{"x":4020,"y":210},"name":{"horizontal":"left-outer","vertical":"top"}}},"id":"5af6c4c0-7d46-4d11-b8a2-fe38b5ad0a92","type":"ifml.Event"},{"attributes":{"name":"Cancelar"},"metadata":{"graphics":{"position":{"x":3890,"y":530},"name":{"horizontal":"left-outer","vertical":"top"}}},"id":"06b0f01e-9929-4215-b37e-478b82cd266b","type":"ifml.Event"},{"attributes":{"name":"Guardar"},"metadata":{"graphics":{"position":{"x":4620,"y":330},"name":{"horizontal":"left-outer","vertical":"top"}}},"id":"53e8b58c-e565-457f-bbeb-8f053a61fd67","type":"ifml.Event"},{"attributes":{"name":"Guardado correctamente","parameters":[],"results":[]},"metadata":{"graphics":{"position":{"x":4830,"y":310},"size":{"height":50,"width":75}}},"id":"c570f056-7ff8-4daf-90af-e7f1665b2b79","type":"ifml.Action"},{"attributes":{"name":"Lista de contactos","stereotype":"list","fields":["Apellido","Correo electronico","Cumpleaños","Direccion","Grupo","Nombre","Sexo","Telefono"],"collection":"Contactos","filters":["Apellido","Correo electronico","Direccion","Grupo","Nombre","Telefono"]},"metadata":{"graphics":{"position":{"x":3260,"y":660},"size":{"height":60,"width":150}}},"id":"42b51f4d-bf3c-4016-9c4b-4588c9dacb9d","type":"ifml.ViewComponent"},{"attributes":{"name":"selected","stereotype":"selection"},"metadata":{"graphics":{"position":{"x":3400,"y":710},"name":{"horizontal":"right","vertical":"bottom"}}},"id":"c8efe49a-15ef-4cf6-8c35-a4f4ec7174ff","type":"ifml.Event"},{"attributes":{"name":"Propiedades del contacto","default":false,"landmark":false,"xor":true},"metadata":{"graphics":{"position":{"x":3690,"y":640},"size":{"height":440,"width":300}}},"id":"fc2d8f28-955e-494d-8e95-9e8a1b967a23","type":"ifml.ViewContainer"},{"attributes":{"name":"Contacto","stereotype":"details","fields":["Apellido","Correo electronico","Cumpleaños","Direccion","Nombre","Sexo","Telefono"],"collection":"Contactos"},"metadata":{"graphics":{"position":{"x":3760,"y":790},"size":{"height":60,"width":150}}},"id":"9447e5a4-afae-4786-9ad2-9a69c8f5fb3b","type":"ifml.ViewComponent"},{"attributes":{"name":"Lista de carpetas","stereotype":"list","fields":["Nombre"],"collection":"Carpetas","filters":["Nombre"]},"metadata":{"graphics":{"position":{"x":830,"y":240},"size":{"height":60,"width":150}}},"id":"0ba58fcd-514c-4805-8073-46d070fa26e2","type":"ifml.ViewComponent"},{"attributes":{"name":"selected","stereotype":"selection"},"metadata":{"graphics":{"position":{"x":970,"y":290},"name":{"horizontal":"right","vertical":"bottom"}}},"id":"22d96dc0-6ce4-44c3-8baa-f6f3532e1eb4","type":"ifml.Event"},{"attributes":{"name":"Editar contacto"},"metadata":{"graphics":{"position":{"x":3900,"y":810},"name":{"horizontal":"right-outer","vertical":"bottom"}}},"id":"92407876-eb35-48ec-8a59-c6628f0d9936","type":"ifml.Event"},{"attributes":{"name":"Editar contacto","default":false,"landmark":false,"xor":true},"metadata":{"graphics":{"position":{"x":4230,"y":720},"size":{"height":160,"width":200}}},"id":"d29fa632-8f0f-42df-8a56-db4ac88e75eb","type":"ifml.ViewContainer"},{"attributes":{"name":"Editar contacto","stereotype":"form","fields":["Apellido","Correo electronico","Cumpleaños","Direccion","Nombre","Sexo","Telefono"]},"metadata":{"graphics":{"position":{"x":4260,"y":780},"size":{"height":60,"width":150}}},"id":"e526156c-946a-4be4-b779-eef82325086c","type":"ifml.ViewComponent"},{"attributes":{"name":"Lista de grupos","stereotype":"list","fields":["Nombre"],"collection":"Grupos","filters":["Nombre"]},"metadata":{"graphics":{"position":{"x":3000,"y":600},"size":{"height":60,"width":150}}},"id":"22b06553-debe-4e6a-a14c-e181b7576bf0","type":"ifml.ViewComponent"},{"attributes":{"name":"selected","stereotype":"selection"},"metadata":{"graphics":{"position":{"x":3140,"y":650},"name":{"horizontal":"right","vertical":"bottom"}}},"id":"9bedc02e-905a-4ce7-a086-4aa2a91eee6b","type":"ifml.Event"},{"attributes":{"name":"Grupos","stereotype":"list","fields":["Nombre"],"collection":"Grupos","filters":["Nombre"]},"metadata":{"graphics":{"position":{"x":1540,"y":-510},"size":{"height":60,"width":150}}},"id":"bb579b0a-9c15-4991-aac8-6c21f2317cd7","type":"ifml.ViewComponent"},{"attributes":{"name":"selected","stereotype":"selection"},"metadata":{"graphics":{"position":{"x":1680,"y":-460},"name":{"horizontal":"right","vertical":"bottom"}}},"id":"b063f6ba-23ac-4437-9e89-4e67616d14da","type":"ifml.Event"},{"attributes":{"name":"Contactos","stereotype":"list","fields":["Apellido","Correo electronico","Nombre"],"collection":"Contactos","filters":["Apellido","Grupo","Nombre"]},"metadata":{"graphics":{"position":{"x":1540,"y":-410},"size":{"height":60,"width":150}}},"id":"2c65c982-23e4-4b31-91e3-d58908be60a1","type":"ifml.ViewComponent"},{"attributes":{"name":"selected","stereotype":"selection"},"metadata":{"graphics":{"position":{"x":1680,"y":-360},"name":{"horizontal":"right","vertical":"bottom"}}},"id":"d67c4ff6-571a-4a5e-97a7-759cc0515ff3","type":"ifml.Event"},{"attributes":{"name":"Buscar","stereotype":"form","fields":["Buscar"]},"metadata":{"graphics":{"position":{"x":1540,"y":-300},"size":{"height":60,"width":150}}},"id":"765032b7-3d90-4aae-8a12-9de0a00e38b8","type":"ifml.ViewComponent"},{"attributes":{"name":"Buscar"},"metadata":{"graphics":{"position":{"x":1610,"y":-310},"name":{"horizontal":"left-outer","vertical":"top"}}},"id":"b14efe4b-d75c-4bc9-b564-c8329709e09c","type":"ifml.Event"},{"attributes":{"name":"Responder"},"metadata":{"graphics":{"position":{"x":2050,"y":290},"name":{"horizontal":"left-outer","vertical":"top"}}},"id":"af65881b-2425-407c-a284-cf04932dfeb8","type":"ifml.Event"},{"attributes":{"name":"Reenviar"},"metadata":{"graphics":{"position":{"x":2060,"y":340},"name":{"horizontal":"right-outer","vertical":"bottom"}}},"id":"19c0d72c-782d-4509-9e7e-3ff72e0735a7","type":"ifml.Event"},{"attributes":{"name":"Mover a la papelera"},"metadata":{"graphics":{"position":{"x":1950,"y":350},"name":{"horizontal":"left-outer","vertical":"bottom"}}},"id":"b9c6a3da-4333-42c5-8214-e76f3307912e","type":"ifml.Event"},{"attributes":{"name":"Movido a la papelera","parameters":[],"results":[]},"metadata":{"graphics":{"position":{"x":2320,"y":410},"size":{"height":50,"width":75}}},"id":"92bf0787-4159-4783-a4b3-4f13decc989c","type":"ifml.Action"},{"attributes":{"name":"Búsqueda avanzada"},"metadata":{"graphics":{"position":{"x":3540,"y":1140},"name":{"horizontal":"left-outer","vertical":"top"}}},"id":"4a461d92-8de5-4e52-b07e-f64a13b6effe","type":"ifml.Event"},{"attributes":{"name":"Busqueda avanzada","default":false,"landmark":false,"xor":false},"metadata":{"graphics":{"position":{"x":3290,"y":1290},"size":{"height":160,"width":200}}},"id":"6705cbf5-1c2e-42f8-a0a7-de4981b939dc","type":"ifml.ViewContainer"},{"attributes":{"name":"Busqueda avanzada","stereotype":"form","fields":["Apellido","Correo electronico","Direccion","Nombre","Telefono"]},"metadata":{"graphics":{"position":{"x":3310,"y":1340},"size":{"height":60,"width":150}}},"id":"04913483-2425-444f-979d-f1abbe94e67c","type":"ifml.ViewComponent"},{"attributes":{"bindings":[]},"metadata":{"graphics":{}},"id":"6ef36657-47d2-400c-af28-9d9a4cb51792","type":"ifml.NavigationFlow"},{"attributes":{"bindings":[{"input":"id","output":"id"}]},"metadata":{"graphics":{}},"id":"fb438db1-fbb8-424d-bb8e-ac2135016e93","type":"ifml.NavigationFlow"},{"attributes":{"bindings":[]},"metadata":{"graphics":{}},"id":"ec414b11-7932-4915-94ff-332e58d5dcd0","type":"ifml.NavigationFlow"},{"attributes":{"bindings":[]},"metadata":{"graphics":{}},"id":"7f9ea29b-79f6-4935-87fa-3ef14a31e499","type":"ifml.NavigationFlow"},{"attributes":{"bindings":[]},"metadata":{"graphics":{}},"id":"8bd2b4ec-ba0b-4a5d-ba25-ee90fa52fd17","type":"ifml.NavigationFlow"},{"attributes":{"bindings":[]},"metadata":{"graphics":{}},"id":"2ef015c3-3ad8-4cce-8d56-6ec3352cb0f8","type":"ifml.NavigationFlow"},{"attributes":{"bindings":[]},"metadata":{"graphics":{}},"id":"d077c747-1fc8-4344-95d9-52253107d5bf","type":"ifml.NavigationFlow"},{"attributes":{"bindings":[{"input":"Asunto","output":"Buscar..."},{"input":"De","output":"Buscar..."},{"input":"Remitente","output":"Buscar..."}]},"metadata":{"graphics":{}},"id":"b942cca5-2866-4b19-a45b-448d069059ea","type":"ifml.NavigationFlow"},{"attributes":{"bindings":[]},"metadata":{"graphics":{}},"id":"80c4c76d-75e6-4487-9368-e50bfa79ede9","type":"ifml.NavigationFlow"},{"attributes":{"bindings":[]},"metadata":{"graphics":{}},"id":"bd7b8f84-ff80-4910-b728-e1f8167cf683","type":"ifml.NavigationFlow"},{"attributes":{"bindings":[]},"metadata":{"graphics":{}},"id":"e13af7a1-aa9b-46ae-8dc7-46b19e1325ff","type":"ifml.NavigationFlow"},{"attributes":{"bindings":[]},"metadata":{"graphics":{}},"id":"690605de-ceee-4b93-9bd6-b199bd1ba936","type":"ifml.NavigationFlow"},{"attributes":{"bindings":[]},"metadata":{"graphics":{}},"id":"06ea9c77-fad9-4983-aaba-e6127e8fb0c0","type":"ifml.NavigationFlow"},{"attributes":{"bindings":[]},"metadata":{"graphics":{}},"id":"385aaa6d-d95e-4934-9e86-75268b21c4c0","type":"ifml.NavigationFlow"},{"attributes":{"bindings":[]},"metadata":{"graphics":{}},"id":"dc27b028-7a88-481a-9275-a2a2f9d46b79","type":"ifml.NavigationFlow"},{"attributes":{"bindings":[]},"metadata":{"graphics":{}},"id":"4c328aa2-23b7-4869-84cd-767a25d66735","type":"ifml.NavigationFlow"},{"attributes":{"bindings":[]},"metadata":{"graphics":{}},"id":"161f060b-7f21-4482-b82d-a1598e242c96","type":"ifml.NavigationFlow"},{"attributes":{"bindings":[]},"metadata":{"graphics":{"vertices":[{"x":3770,"y":220}]}},"id":"e57d8f5b-620f-4a72-a20e-51af252d0e2d","type":"ifml.NavigationFlow"},{"attributes":{"bindings":[]},"metadata":{"graphics":{}},"id":"d81657ab-a2e6-4bd7-a606-08f54ec6c508","type":"ifml.NavigationFlow"},{"attributes":{"bindings":[]},"metadata":{"graphics":{}},"id":"def2e8fc-1f0d-4c63-88b2-8d65e272b510","type":"ifml.NavigationFlow"},{"attributes":{"bindings":[]},"metadata":{"graphics":{"vertices":[{"x":4400,"y":220}]}},"id":"905f0387-acf1-4b8c-91c5-5725cc3817a7","type":"ifml.NavigationFlow"},{"attributes":{"bindings":[]},"metadata":{"graphics":{}},"id":"f7a08afb-50b6-41b0-9fe3-b94de6ccdfad","type":"ifml.NavigationFlow"},{"attributes":{"bindings":[{"input":"id","output":"id"}]},"metadata":{"graphics":{"vertices":[{"x":3410,"y":830}]}},"id":"bc097472-2719-44b3-87b5-b1ad2e6d4057","type":"ifml.NavigationFlow"},{"attributes":{"bindings":[{"input":"Categoria","output":"Nombre"}]},"metadata":{"graphics":{}},"id":"f1ab3405-a9f9-4550-abc1-c8ab59ec2f33","type":"ifml.NavigationFlow"},{"attributes":{"bindings":[{"input":"Apellido","output":"Apellido"},{"input":"Correo electronico","output":"Correo electronico"},{"input":"Cumpleaños","output":"Cumpleaños"},{"input":"Direccion","output":"Direccion"},{"input":"Nombre","output":"Nombre"},{"input":"Sexo","output":"Sexo"},{"input":"Telefono","output":"Telefono"}]},"metadata":{"graphics":{}},"id":"018bfc99-c5fc-42a1-adcb-f6640422597a","type":"ifml.NavigationFlow"},{"attributes":{"bindings":[{"input":"Grupo","output":"Nombre"}]},"metadata":{"graphics":{}},"id":"90ebdfd9-fc79-43c0-9b24-7a9776cab93c","type":"ifml.NavigationFlow"},{"attributes":{"bindings":[{"input":"Grupo","output":"Nombre"}]},"metadata":{"graphics":{}},"id":"c2333618-fa0d-4cf1-b1b6-8f94f886f71e","type":"ifml.NavigationFlow"},{"attributes":{"bindings":[{"input":"Destinatario","output":"Correo electronico"}]},"metadata":{"graphics":{"vertices":[{"x":1860,"y":-350}]}},"id":"c8967fc1-43cb-43a5-82b6-f4d2058305cb","type":"ifml.NavigationFlow"},{"attributes":{"bindings":[{"input":"Nombre","output":"Buscar"},{"input":"Apellido","output":"Buscar"}]},"metadata":{"graphics":{}},"id":"951496e2-a2d2-46d2-9969-0073c1d78bf4","type":"ifml.NavigationFlow"},{"attributes":{"bindings":[{"input":"Cuerpo","output":"Cuerpo"},{"input":"Asunto","output":"Asunto"},{"input":"Destinatario","output":"Remitente"}]},"metadata":{"graphics":{"vertices":[{"x":2070,"y":-410}]}},"id":"63540b34-fa0d-4581-a6b9-1e61f18afe6c","type":"ifml.NavigationFlow"},{"attributes":{"bindings":[{"input":"Cuerpo","output":"Cuerpo"},{"input":"Asunto","output":"Asunto"}]},"metadata":{"graphics":{"vertices":[{"x":2250,"y":350},{"x":2250,"y":-190},{"x":2250,"y":-430}]}},"id":"db0b4f02-16e6-4288-be3e-b3ce7a07a76e","type":"ifml.NavigationFlow"},{"attributes":{"bindings":[]},"metadata":{"graphics":{"vertices":[{"x":1960,"y":420}]}},"id":"4e359d03-e8fc-4702-baf3-108e2811fe07","type":"ifml.NavigationFlow"},{"attributes":{"bindings":[]},"metadata":{"graphics":{}},"id":"c663ac5e-0813-4e7c-9227-a1bf46ea4d9f","type":"ifml.NavigationFlow"},{"attributes":{"name":"Buscar"},"metadata":{"graphics":{"position":{"x":3330,"y":1330},"name":{"horizontal":"left-outer","vertical":"top"}}},"id":"8434146b-4987-41b2-98a2-86c7bf510918","type":"ifml.Event"},{"attributes":{"bindings":[{"input":"Nombre","output":"Nombre"},{"input":"Apellido","output":"Apellido"},{"input":"Correo electronico","output":"Correo electronico"},{"input":"Direccion","output":"Direccion"},{"input":"Telefono","output":"Telefono"}]},"metadata":{"graphics":{}},"id":"c9985dfc-5ca2-4678-afaf-d2139d504277","type":"ifml.NavigationFlow"},{"attributes":{"name":"Cerrar sesión","default":false,"landmark":true,"xor":false},"metadata":{"graphics":{"position":{"x":630,"y":-340},"size":{"height":160,"width":200}}},"id":"86c3fea8-7916-47ad-be38-a2b565285987","type":"ifml.ViewContainer"},{"attributes":{"name":"Sesión cerrada","parameters":[],"results":[]},"metadata":{"graphics":{"position":{"x":690,"y":-270},"size":{"height":50,"width":75},"parent":"86c3fea8-7916-47ad-be38-a2b565285987"}},"id":"93cc607a-bfda-4d5a-909d-e236caac4a17","type":"ifml.Action"}],"relations":[{"type":"hierarchy","parent":"b2f84d9b-de5e-4dae-af16-f553ec2889bd","child":"bab1044c-7963-458c-b5b0-152f1ec65cc1"},{"type":"hierarchy","parent":"bab1044c-7963-458c-b5b0-152f1ec65cc1","child":"1f010bc9-03dc-4c08-b1b7-726902c97bab"},{"type":"hierarchy","parent":"b2f84d9b-de5e-4dae-af16-f553ec2889bd","child":"2dae73e0-38d6-40fe-a382-50c566e50e6d"},{"type":"hierarchy","parent":"08d3d708-3c36-4b5f-8205-106d3b1638b2","child":"9ccccea5-555e-49ad-a61e-0392c2d0fbfe"},{"type":"hierarchy","parent":"08d3d708-3c36-4b5f-8205-106d3b1638b2","child":"3a048f1e-43fe-4a98-8cad-f4d4dfee9e52"},{"type":"hierarchy","parent":"3a048f1e-43fe-4a98-8cad-f4d4dfee9e52","child":"092d7573-26c4-4225-b9e3-a9417ee562ce"},{"type":"hierarchy","parent":"08d3d708-3c36-4b5f-8205-106d3b1638b2","child":"7fb63539-6b66-452e-9b60-8b30748f4265"},{"type":"hierarchy","parent":"7fb63539-6b66-452e-9b60-8b30748f4265","child":"4f4fe607-4979-45d9-9596-08e3d18865e9"},{"type":"hierarchy","parent":"7fb63539-6b66-452e-9b60-8b30748f4265","child":"b5eedc14-6ac4-4cdc-bd9c-6c805de5e0a5"},{"type":"hierarchy","parent":"4f4fe607-4979-45d9-9596-08e3d18865e9","child":"76f04e65-70d6-4d7c-9223-b5a764827d36"},{"type":"hierarchy","parent":"7fb63539-6b66-452e-9b60-8b30748f4265","child":"35e7818d-85ed-4ce2-b508-df6c7d0177c8"},{"type":"hierarchy","parent":"ed2a90bd-24b5-4c3d-934c-1e2532feda99","child":"74e69002-1126-42b5-a4d6-270abdf6d466"},{"type":"hierarchy","parent":"ed2a90bd-24b5-4c3d-934c-1e2532feda99","child":"fa641816-8ab9-417f-a789-3c4091ecf8a9"},{"type":"hierarchy","parent":"fa641816-8ab9-417f-a789-3c4091ecf8a9","child":"17bab5f4-d0f4-42bc-829d-8db16b3543ad"},{"type":"hierarchy","parent":"3fc65b54-a76e-447a-a123-a29a9472b37a","child":"989fe21a-8047-432e-b4a7-60b8e8d53611"},{"type":"hierarchy","parent":"fa641816-8ab9-417f-a789-3c4091ecf8a9","child":"bb8ab688-ae2b-4f35-ab2d-c459fdaf981b"},{"type":"hierarchy","parent":"08d3d708-3c36-4b5f-8205-106d3b1638b2","child":"cbd1dd36-876b-4d4f-8e5b-72cd2401ab69"},{"type":"hierarchy","parent":"cbd1dd36-876b-4d4f-8e5b-72cd2401ab69","child":"8cfc2eef-3b52-45f4-a2ba-777b7a613de1"},{"type":"hierarchy","parent":"ed2a90bd-24b5-4c3d-934c-1e2532feda99","child":"5e09a372-e288-46fc-a253-336e76e9c79e"},{"type":"hierarchy","parent":"ed2a90bd-24b5-4c3d-934c-1e2532feda99","child":"555754ea-7a6d-4202-b935-ec6fc835c2a2"},{"type":"hierarchy","parent":"ed2a90bd-24b5-4c3d-934c-1e2532feda99","child":"f44af646-1eef-43b9-86cf-c9a9ca277157"},{"type":"hierarchy","parent":"ed2a90bd-24b5-4c3d-934c-1e2532feda99","child":"9ba8b7b9-d151-49b2-b0cd-8a270576b3ca"},{"type":"hierarchy","parent":"ed2a90bd-24b5-4c3d-934c-1e2532feda99","child":"3293ac98-28fc-4295-af2c-081ef0daaa96"},{"type":"hierarchy","parent":"ed2a90bd-24b5-4c3d-934c-1e2532feda99","child":"c4cdbfc6-a33c-4f7d-ab52-3cfb23c95e5a"},{"type":"hierarchy","parent":"ed2a90bd-24b5-4c3d-934c-1e2532feda99","child":"91d916cd-b138-4fd6-be6a-e816e16da95f"},{"type":"hierarchy","parent":"ed2a90bd-24b5-4c3d-934c-1e2532feda99","child":"fb144f56-9071-4ba2-adff-f3684238bc28"},{"type":"hierarchy","parent":"9fbef6ce-0402-470a-ae15-8d0bd1638d84","child":"8f5e1d8c-b0e3-4e81-a332-6ef0a47d51a1"},{"type":"hierarchy","parent":"53ca3fb2-96f0-4c19-8ce0-d5bc6719a741","child":"6c6aeac3-2e5e-4e14-aaf1-52650e307432"},{"type":"hierarchy","parent":"53ca3fb2-96f0-4c19-8ce0-d5bc6719a741","child":"263e34a3-2dc1-4f02-8355-0dd6d1eb0efd"},{"type":"hierarchy","parent":"53ca3fb2-96f0-4c19-8ce0-d5bc6719a741","child":"81163a96-143d-4cc3-a9da-cd9bb66ca024"},{"type":"hierarchy","parent":"53ca3fb2-96f0-4c19-8ce0-d5bc6719a741","child":"cc0fe4ca-e91f-4fcd-a9e2-9751d1bd5d38"},{"type":"hierarchy","parent":"cc0fe4ca-e91f-4fcd-a9e2-9751d1bd5d38","child":"5bddabaf-5652-46bb-a614-b03e5eaa62fc"},{"type":"hierarchy","parent":"5bddabaf-5652-46bb-a614-b03e5eaa62fc","child":"e63e1396-9e81-4601-9257-c3bcf0a16f13"},{"type":"hierarchy","parent":"cc0fe4ca-e91f-4fcd-a9e2-9751d1bd5d38","child":"a3b6a775-e9ef-42cc-b547-27eb07733393"},{"type":"hierarchy","parent":"cc0fe4ca-e91f-4fcd-a9e2-9751d1bd5d38","child":"96710d93-0b88-4100-a2d3-3f883f63a721"},{"type":"hierarchy","parent":"96710d93-0b88-4100-a2d3-3f883f63a721","child":"07ae55e1-6cd3-4ea2-9e41-09c097356300"},{"type":"hierarchy","parent":"a3b6a775-e9ef-42cc-b547-27eb07733393","child":"9a91923f-32ca-4fd6-92c9-46725d9cdcc6"},{"type":"hierarchy","parent":"cc0fe4ca-e91f-4fcd-a9e2-9751d1bd5d38","child":"4023454d-b765-4888-ab4b-ca55b14ee89e"},{"type":"hierarchy","parent":"4023454d-b765-4888-ab4b-ca55b14ee89e","child":"ca11bbcd-cbe1-41ea-ad28-eebd814bf741"},{"type":"hierarchy","parent":"a3b6a775-e9ef-42cc-b547-27eb07733393","child":"30506e40-42e9-4eb4-8f57-ae01b82a3c57"},{"type":"hierarchy","parent":"a3b6a775-e9ef-42cc-b547-27eb07733393","child":"5af6c4c0-7d46-4d11-b8a2-fe38b5ad0a92"},{"type":"hierarchy","parent":"cc0fe4ca-e91f-4fcd-a9e2-9751d1bd5d38","child":"06b0f01e-9929-4215-b37e-478b82cd266b"},{"type":"hierarchy","parent":"cc0fe4ca-e91f-4fcd-a9e2-9751d1bd5d38","child":"53e8b58c-e565-457f-bbeb-8f053a61fd67"},{"type":"hierarchy","parent":"263e34a3-2dc1-4f02-8355-0dd6d1eb0efd","child":"42b51f4d-bf3c-4016-9c4b-4588c9dacb9d"},{"type":"hierarchy","parent":"42b51f4d-bf3c-4016-9c4b-4588c9dacb9d","child":"c8efe49a-15ef-4cf6-8c35-a4f4ec7174ff"},{"type":"hierarchy","parent":"53ca3fb2-96f0-4c19-8ce0-d5bc6719a741","child":"fc2d8f28-955e-494d-8e95-9e8a1b967a23"},{"type":"hierarchy","parent":"fc2d8f28-955e-494d-8e95-9e8a1b967a23","child":"9447e5a4-afae-4786-9ad2-9a69c8f5fb3b"},{"type":"hierarchy","parent":"9ccccea5-555e-49ad-a61e-0392c2d0fbfe","child":"0ba58fcd-514c-4805-8073-46d070fa26e2"},{"type":"hierarchy","parent":"0ba58fcd-514c-4805-8073-46d070fa26e2","child":"22d96dc0-6ce4-44c3-8baa-f6f3532e1eb4"},{"type":"hierarchy","parent":"9447e5a4-afae-4786-9ad2-9a69c8f5fb3b","child":"92407876-eb35-48ec-8a59-c6628f0d9936"},{"type":"hierarchy","parent":"53ca3fb2-96f0-4c19-8ce0-d5bc6719a741","child":"d29fa632-8f0f-42df-8a56-db4ac88e75eb"},{"type":"hierarchy","parent":"d29fa632-8f0f-42df-8a56-db4ac88e75eb","child":"e526156c-946a-4be4-b779-eef82325086c"},{"type":"hierarchy","parent":"6c6aeac3-2e5e-4e14-aaf1-52650e307432","child":"22b06553-debe-4e6a-a14c-e181b7576bf0"},{"type":"hierarchy","parent":"22b06553-debe-4e6a-a14c-e181b7576bf0","child":"9bedc02e-905a-4ce7-a086-4aa2a91eee6b"},{"type":"hierarchy","parent":"74e69002-1126-42b5-a4d6-270abdf6d466","child":"bb579b0a-9c15-4991-aac8-6c21f2317cd7"},{"type":"hierarchy","parent":"bb579b0a-9c15-4991-aac8-6c21f2317cd7","child":"b063f6ba-23ac-4437-9e89-4e67616d14da"},{"type":"hierarchy","parent":"74e69002-1126-42b5-a4d6-270abdf6d466","child":"2c65c982-23e4-4b31-91e3-d58908be60a1"},{"type":"hierarchy","parent":"2c65c982-23e4-4b31-91e3-d58908be60a1","child":"d67c4ff6-571a-4a5e-97a7-759cc0515ff3"},{"type":"hierarchy","parent":"74e69002-1126-42b5-a4d6-270abdf6d466","child":"765032b7-3d90-4aae-8a12-9de0a00e38b8"},{"type":"hierarchy","parent":"765032b7-3d90-4aae-8a12-9de0a00e38b8","child":"b14efe4b-d75c-4bc9-b564-c8329709e09c"},{"type":"hierarchy","parent":"092d7573-26c4-4225-b9e3-a9417ee562ce","child":"af65881b-2425-407c-a284-cf04932dfeb8"},{"type":"hierarchy","parent":"092d7573-26c4-4225-b9e3-a9417ee562ce","child":"19c0d72c-782d-4509-9e7e-3ff72e0735a7"},{"type":"hierarchy","parent":"092d7573-26c4-4225-b9e3-a9417ee562ce","child":"b9c6a3da-4333-42c5-8214-e76f3307912e"},{"type":"hierarchy","parent":"53ca3fb2-96f0-4c19-8ce0-d5bc6719a741","child":"4a461d92-8de5-4e52-b07e-f64a13b6effe"},{"type":"hierarchy","parent":"6705cbf5-1c2e-42f8-a0a7-de4981b939dc","child":"04913483-2425-444f-979d-f1abbe94e67c"},{"type":"hierarchy","parent":"04913483-2425-444f-979d-f1abbe94e67c","child":"8434146b-4987-41b2-98a2-86c7bf510918"},{"type":"source","flow":"6ef36657-47d2-400c-af28-9d9a4cb51792","source":"2dae73e0-38d6-40fe-a382-50c566e50e6d"},{"type":"source","flow":"fb438db1-fbb8-424d-bb8e-ac2135016e93","source":"76f04e65-70d6-4d7c-9223-b5a764827d36"},{"type":"source","flow":"ec414b11-7932-4915-94ff-332e58d5dcd0","source":"b5eedc14-6ac4-4cdc-bd9c-6c805de5e0a5"},{"type":"source","flow":"7f9ea29b-79f6-4935-87fa-3ef14a31e499","source":"35e7818d-85ed-4ce2-b508-df6c7d0177c8"},{"type":"source","flow":"8bd2b4ec-ba0b-4a5d-ba25-ee90fa52fd17","source":"17bab5f4-d0f4-42bc-829d-8db16b3543ad"},{"type":"source","flow":"2ef015c3-3ad8-4cce-8d56-6ec3352cb0f8","source":"989fe21a-8047-432e-b4a7-60b8e8d53611"},{"type":"source","flow":"d077c747-1fc8-4344-95d9-52253107d5bf","source":"bb8ab688-ae2b-4f35-ab2d-c459fdaf981b"},{"type":"source","flow":"b942cca5-2866-4b19-a45b-448d069059ea","source":"8cfc2eef-3b52-45f4-a2ba-777b7a613de1"},{"type":"source","flow":"80c4c76d-75e6-4487-9368-e50bfa79ede9","source":"5e09a372-e288-46fc-a253-336e76e9c79e"},{"type":"source","flow":"bd7b8f84-ff80-4910-b728-e1f8167cf683","source":"555754ea-7a6d-4202-b935-ec6fc835c2a2"},{"type":"source","flow":"e13af7a1-aa9b-46ae-8dc7-46b19e1325ff","source":"f44af646-1eef-43b9-86cf-c9a9ca277157"},{"type":"source","flow":"690605de-ceee-4b93-9bd6-b199bd1ba936","source":"9ba8b7b9-d151-49b2-b0cd-8a270576b3ca"},{"type":"source","flow":"06ea9c77-fad9-4983-aaba-e6127e8fb0c0","source":"3293ac98-28fc-4295-af2c-081ef0daaa96"},{"type":"source","flow":"385aaa6d-d95e-4934-9e86-75268b21c4c0","source":"c4cdbfc6-a33c-4f7d-ab52-3cfb23c95e5a"},{"type":"source","flow":"dc27b028-7a88-481a-9275-a2a2f9d46b79","source":"91d916cd-b138-4fd6-be6a-e816e16da95f"},{"type":"source","flow":"4c328aa2-23b7-4869-84cd-767a25d66735","source":"1f010bc9-03dc-4c08-b1b7-726902c97bab"},{"type":"source","flow":"161f060b-7f21-4482-b82d-a1598e242c96","source":"8f5e1d8c-b0e3-4e81-a332-6ef0a47d51a1"},{"type":"source","flow":"e57d8f5b-620f-4a72-a20e-51af252d0e2d","source":"5af6c4c0-7d46-4d11-b8a2-fe38b5ad0a92"},{"type":"source","flow":"d81657ab-a2e6-4bd7-a606-08f54ec6c508","source":"9a91923f-32ca-4fd6-92c9-46725d9cdcc6"},{"type":"source","flow":"def2e8fc-1f0d-4c63-88b2-8d65e272b510","source":"81163a96-143d-4cc3-a9da-cd9bb66ca024"},{"type":"source","flow":"905f0387-acf1-4b8c-91c5-5725cc3817a7","source":"30506e40-42e9-4eb4-8f57-ae01b82a3c57"},{"type":"source","flow":"f7a08afb-50b6-41b0-9fe3-b94de6ccdfad","source":"53e8b58c-e565-457f-bbeb-8f053a61fd67"},{"type":"source","flow":"bc097472-2719-44b3-87b5-b1ad2e6d4057","source":"c8efe49a-15ef-4cf6-8c35-a4f4ec7174ff"},{"type":"source","flow":"f1ab3405-a9f9-4550-abc1-c8ab59ec2f33","source":"22d96dc0-6ce4-44c3-8baa-f6f3532e1eb4"},{"type":"source","flow":"018bfc99-c5fc-42a1-adcb-f6640422597a","source":"92407876-eb35-48ec-8a59-c6628f0d9936"},{"type":"source","flow":"90ebdfd9-fc79-43c0-9b24-7a9776cab93c","source":"9bedc02e-905a-4ce7-a086-4aa2a91eee6b"},{"type":"source","flow":"c2333618-fa0d-4cf1-b1b6-8f94f886f71e","source":"b063f6ba-23ac-4437-9e89-4e67616d14da"},{"type":"source","flow":"c8967fc1-43cb-43a5-82b6-f4d2058305cb","source":"d67c4ff6-571a-4a5e-97a7-759cc0515ff3"},{"type":"source","flow":"951496e2-a2d2-46d2-9969-0073c1d78bf4","source":"b14efe4b-d75c-4bc9-b564-c8329709e09c"},{"type":"source","flow":"63540b34-fa0d-4581-a6b9-1e61f18afe6c","source":"af65881b-2425-407c-a284-cf04932dfeb8"},{"type":"source","flow":"db0b4f02-16e6-4288-be3e-b3ce7a07a76e","source":"19c0d72c-782d-4509-9e7e-3ff72e0735a7"},{"type":"source","flow":"4e359d03-e8fc-4702-baf3-108e2811fe07","source":"b9c6a3da-4333-42c5-8214-e76f3307912e"},{"type":"source","flow":"c663ac5e-0813-4e7c-9227-a1bf46ea4d9f","source":"4a461d92-8de5-4e52-b07e-f64a13b6effe"},{"type":"source","flow":"c9985dfc-5ca2-4678-afaf-d2139d504277","source":"8434146b-4987-41b2-98a2-86c7bf510918"},{"type":"target","flow":"6ef36657-47d2-400c-af28-9d9a4cb51792","target":"9fbef6ce-0402-470a-ae15-8d0bd1638d84"},{"type":"target","flow":"fb438db1-fbb8-424d-bb8e-ac2135016e93","target":"092d7573-26c4-4225-b9e3-a9417ee562ce"},{"type":"target","flow":"ec414b11-7932-4915-94ff-332e58d5dcd0","target":"4706de4a-0e73-40d8-bb10-c469e6525f46"},{"type":"target","flow":"7f9ea29b-79f6-4935-87fa-3ef14a31e499","target":"ed2a90bd-24b5-4c3d-934c-1e2532feda99"},{"type":"target","flow":"8bd2b4ec-ba0b-4a5d-ba25-ee90fa52fd17","target":"3fc65b54-a76e-447a-a123-a29a9472b37a"},{"type":"target","flow":"2ef015c3-3ad8-4cce-8d56-6ec3352cb0f8","target":"08d3d708-3c36-4b5f-8205-106d3b1638b2"},{"type":"target","flow":"d077c747-1fc8-4344-95d9-52253107d5bf","target":"08d3d708-3c36-4b5f-8205-106d3b1638b2"},{"type":"target","flow":"b942cca5-2866-4b19-a45b-448d069059ea","target":"4f4fe607-4979-45d9-9596-08e3d18865e9"},{"type":"target","flow":"80c4c76d-75e6-4487-9368-e50bfa79ede9","target":"08d3d708-3c36-4b5f-8205-106d3b1638b2"},{"type":"target","flow":"bd7b8f84-ff80-4910-b728-e1f8167cf683","target":"bd4becd8-b9ba-490e-9419-0d49fc398ed3"},{"type":"target","flow":"e13af7a1-aa9b-46ae-8dc7-46b19e1325ff","target":"81ef30a3-afde-4538-ab24-3272c2839f30"},{"type":"target","flow":"690605de-ceee-4b93-9bd6-b199bd1ba936","target":"427e67d6-223c-4761-9155-4b576f500afc"},{"type":"target","flow":"06ea9c77-fad9-4983-aaba-e6127e8fb0c0","target":"2793bcfb-c6d5-4a28-b859-eb135fa31afd"},{"type":"target","flow":"385aaa6d-d95e-4934-9e86-75268b21c4c0","target":"f6acf62b-13fc-46c9-9f1c-3e256ead1bf8"},{"type":"target","flow":"dc27b028-7a88-481a-9275-a2a2f9d46b79","target":"74e69002-1126-42b5-a4d6-270abdf6d466"},{"type":"target","flow":"4c328aa2-23b7-4869-84cd-767a25d66735","target":"08d3d708-3c36-4b5f-8205-106d3b1638b2"},{"type":"target","flow":"161f060b-7f21-4482-b82d-a1598e242c96","target":"08d3d708-3c36-4b5f-8205-106d3b1638b2"},{"type":"target","flow":"e57d8f5b-620f-4a72-a20e-51af252d0e2d","target":"e63e1396-9e81-4601-9257-c3bcf0a16f13"},{"type":"target","flow":"d81657ab-a2e6-4bd7-a606-08f54ec6c508","target":"96710d93-0b88-4100-a2d3-3f883f63a721"},{"type":"target","flow":"def2e8fc-1f0d-4c63-88b2-8d65e272b510","target":"cc0fe4ca-e91f-4fcd-a9e2-9751d1bd5d38"},{"type":"target","flow":"905f0387-acf1-4b8c-91c5-5725cc3817a7","target":"4023454d-b765-4888-ab4b-ca55b14ee89e"},{"type":"target","flow":"f7a08afb-50b6-41b0-9fe3-b94de6ccdfad","target":"c570f056-7ff8-4daf-90af-e7f1665b2b79"},{"type":"target","flow":"bc097472-2719-44b3-87b5-b1ad2e6d4057","target":"9447e5a4-afae-4786-9ad2-9a69c8f5fb3b"},{"type":"target","flow":"f1ab3405-a9f9-4550-abc1-c8ab59ec2f33","target":"4f4fe607-4979-45d9-9596-08e3d18865e9"},{"type":"target","flow":"018bfc99-c5fc-42a1-adcb-f6640422597a","target":"e526156c-946a-4be4-b779-eef82325086c"},{"type":"target","flow":"90ebdfd9-fc79-43c0-9b24-7a9776cab93c","target":"42b51f4d-bf3c-4016-9c4b-4588c9dacb9d"},{"type":"target","flow":"c2333618-fa0d-4cf1-b1b6-8f94f886f71e","target":"2c65c982-23e4-4b31-91e3-d58908be60a1"},{"type":"target","flow":"c8967fc1-43cb-43a5-82b6-f4d2058305cb","target":"fa641816-8ab9-417f-a789-3c4091ecf8a9"},{"type":"target","flow":"951496e2-a2d2-46d2-9969-0073c1d78bf4","target":"2c65c982-23e4-4b31-91e3-d58908be60a1"},{"type":"target","flow":"63540b34-fa0d-4581-a6b9-1e61f18afe6c","target":"fa641816-8ab9-417f-a789-3c4091ecf8a9"},{"type":"target","flow":"db0b4f02-16e6-4288-be3e-b3ce7a07a76e","target":"fa641816-8ab9-417f-a789-3c4091ecf8a9"},{"type":"target","flow":"4e359d03-e8fc-4702-baf3-108e2811fe07","target":"92bf0787-4159-4783-a4b3-4f13decc989c"},{"type":"target","flow":"c663ac5e-0813-4e7c-9227-a1bf46ea4d9f","target":"6705cbf5-1c2e-42f8-a0a7-de4981b939dc"},{"type":"target","flow":"c9985dfc-5ca2-4678-afaf-d2139d504277","target":"42b51f4d-bf3c-4016-9c4b-4588c9dacb9d"}],"statistics":{"session":{"started_at":"2024-10-25T15:45:18.586Z","ended_at":"2024-10-25T17:20:44.809Z"}}}